|design 10_facebook - event cover - 1.2.png| |<PIL.PngImagePlugin.PngImageFile image mode=RGBA size=8001x4501 at 0x3A2B970>| facebook
|design 10_facebook - event cover - 1.png| |<PIL.PngImagePlugin.PngImageFile image mode=RGBA size=8001x4501 at 0x3A2BB50>| facebook
|design 10_facebook - post - 1.2.png| |<PIL.PngImagePlugin.PngImageFile image mode=RGBA size=5001x2626 at 0x3A2BDB0>| facebook
|design 10_facebook - post - 1.png| |<PIL.PngImagePlugin.PngImageFile image mode=RGBA size=5001x2626 at 0x3A2BDF0>| facebook
|design 10_instagram - post - 1.2.png| |<PIL.PngImagePlugin.PngImageFile image mode=RGBA size=4503x4503 at 0x3A2BE30>| instagram
|design 10_instagram - post - 1.png| |<PIL.PngImagePlugin.PngImageFile image mode=RGBA size=4503x4503 at 0x3A2BE70>| instagram
|design 10_linkedin- cover photo 1.2.png| |<PIL.PngImagePlugin.PngImageFile image mode=RGBA size=6401x3201 at 0x3A2BEB0>| linkedin
|design 10_linkedin- cover photo 1.png| |<PIL.PngImagePlugin.PngImageFile image mode=RGBA size=6401x3201 at 0x3A2BEF0>| linkedin
|design 10_twitter - header - 1.2.png| |<PIL.PngImagePlugin.PngImageFile image mode=RGBA size=6251x2085 at 0x3A2BF30>| twitter
|design 10_twitter - header - 1.png| |<PIL.PngImagePlugin.PngImageFile image mode=RGBA size=6251x2085 at 0x3A2BF70>| twitter
|design 10_twitter post - 1.2.png| |<PIL.PngImagePlugin.PngImageFile image mode=RGBA size=4268x2134 at 0x39EC330>| twitter
|design 10_twitter post - 1.png| |<PIL.PngImagePlugin.PngImageFile image mode=RGBA size=4268x2134 at 0x39EC250>| twitter
